Mutation,TMP,V041
c-35t,85.50571429,74.7875
P21L/S/Q,2.212857143,36.76
A26T,69.67571429,43.10375
D27E,13.18857143,5.64
L28R,81.83428571,12.2925
W30C/G/R,42.21571429,55.23
I94L,14.32857143,24.835
R98P,0,12.39625
Y151S,0,12.51
F153S/V,14.1314,6.54875