Strain,Drug,Concentration,FinalValue
L28R,TMP,7.5,0.0455
L28R,TMP,2.5,0.1685
L28R,TMP,0.833333333,0.3568
L28R,TMP,0.277777778,0.8057
L28R,TMP,0.092592593,0.8567
L28R,TMP,0.030864198,0.8984
L28R,TMP,0.010288066,0.9155
L28R,TMP,0.003429355,0.8871
L28R,TMP,0.001143118,0.8711
L28R,TMP,0.000381039,0.8832
L28R,TMP,0.000127013,0.8813
L28R,TMP,0,0.7131
L28R,V-041,7.5,0.1634
L28R,V-041,2.5,0.0918
L28R,V-041,0.833333333,0.0647
L28R,V-041,0.277777778,0.0501
L28R,V-041,0.092592593,0.0527
L28R,V-041,0.030864198,0.8507
L28R,V-041,0.010288066,0.8763
L28R,V-041,0.003429355,0.8874
L28R,V-041,0.001143118,0.8981
L28R,V-041,0.000381039,0.8777
L28R,V-041,0.000127013,0.8558
L28R,V-041,0,0.7782
WT,TMP,7.5,0.0417
WT,TMP,2.5,0.0425
WT,TMP,0.833333333,0.0426
WT,TMP,0.277777778,0.0433
WT,TMP,0.092592593,0.042
WT,TMP,0.030864198,0.0417
WT,TMP,0.010288066,0.043
WT,TMP,0.003429355,0.0426
WT,TMP,0.001143118,0.4535
WT,TMP,0.000381039,0.5627
WT,TMP,0.000127013,0.7298
WT,TMP,0,0.7946
WT,V-041,7.5,0.1543
WT,V-041,2.5,0.088
WT,V-041,0.833333333,0.0552
WT,V-041,0.277777778,0.0485
WT,V-041,0.092592593,0.0449
WT,V-041,0.030864198,0.0444
WT,V-041,0.010288066,0.0444
WT,V-041,0.003429355,0.0431
WT,V-041,0.001143118,0.3876
WT,V-041,0.000381039,0.4695
WT,V-041,0.000127013,0.5395
WT,V-041,0,0.5445